dagi_id,region,navn,nummer,afstemningssted_navn,opstillingskreds_nummer,opstillingskreds_dagi_id,afstemningssted_adresse,resultat_art,Socialdemokratiet,Venstre,største_parti
705404,Østdanmark,Lynge,4,Lynge Idrætsanlæg - Hal 2,26,403577,"Idrætsvej 14, 3540 Lynge",,,,
704274,Østdanmark,Nærum,3,"Ravnholm Skole, afdeling Nærum",26,403577,"Fruerlund 9, 2850 Nærum",,,,
711588,Østdanmark,Birkerød,1,Birkerød Skole,26,403577,"Birkerød Parkvej 12, 3460 Birkerød",,,,
702734,Østdanmark,Sjælsø,4,"Rude Skov Skole, afdeling Sjælsø",26,403577,"Ravnsnæsvej 120, 3460 Birkerød",,,,
703802,Østdanmark,Skovvang,2,Lillevang Skole - Afd. Skovvang,26,403577,"Poppelvej 1A, 3450 Allerød",,,,
707194,Østdanmark,Trørød,7,Trørødskolen,26,403577,"Gammel Holtevej 2, Gl Holte, 2950 Vedbæk",,,,
711248,Østdanmark,Blovstrød,1,Blovstrød Skole,26,403577,"Kærvej 10, 3450 Allerød",,,,
705784,Østdanmark,Toftevang,6,"Søholmskolen, afdeling Toftevang",26,403577,"Teglporten 7, 3460 Birkerød",,,,
706698,Østdanmark,Lillerød,3,Lillevang Skole - Afd. Lillerød,26,403577,"Frederiksborgvej 65, 3450 Allerød",,,,
701142,Østdanmark,Vedbæk,9,Vedbæk Skole,26,403577,"Henriksholms Alle 2, 2950 Vedbæk",,,,
702728,Østdanmark,Skovly,5,Skovlyskolen,26,403577,"Borgm.Schneiders Vej 40, Øverød, 2840 Holte",,,,
705398,Østdanmark,Ravnsholt,5,Ravnsholtshallen,26,403577,"Søparken 1, 3450 Allerød",,,,
748890,Østdanmark,Grünersvej,2,"Holte Skole, afdeling Grünersvej",26,403577,"Grünersvej 6, 2840 Holte",,,,
708708,Østdanmark,Vangebo,8,"Ravnholm Skole, afdeling Vangebo",26,403577,"Vangeboled 9, Søllerød, 2840 Holte",,,,
708426,Østdanmark,Errindlev,1,Errindlev Forsamlingshus,29,403639,"Centralskolevej 8, 4895 Errindlev",,,,
709912,Østdanmark,Askø,14,Askø Skole,29,403639,"Askø Skolevej 8, 4942 Askø",,,,
706762,Østdanmark,Sandby,8,Sandby Kulturhus,29,403639,"Tårsvej 92, 4912 Harpelunde",,,,
700840,Østdanmark,Holeby,3,"Holeby Medborgerhus, Gymnastiksalen",29,403639,"Maribovej 1, 4960 Holeby",,,,
705484,Østdanmark,Maribo,13,Maribo Hallerne - Hal 2,29,403639,"Ved Stadion 4, 4930 Maribo",,,,
708456,Østdanmark,Østofte,19,Østofte Hallen,29,403639,"Østofte Gade 42, 4951 Nørreballe",,,,
703882,Østdanmark,Rødbyhavn,37,"Rødbyhavn Sportshal, Gymnastiksalen",29,403639,"Havnegade 101, 4970 Rødby",,,,
706808,Østdanmark,Birket,26,Signe Stubs Sognegård,29,403639,"Bandholmvej 79, 4943 Torrig L",,,,
703864,Østdanmark,Horslunde,29,"Ravnsborghallen, Kulturhuset",29,403639,"Pederstrupvej 30, 4913 Horslunde",,,,
706822,Østdanmark,Søllested,11,Højrebyhallen,29,403639,"Bøgevej 2, 4920 Søllested",,,,
709900,Østdanmark,Fejø,27,Fejø Børne- og kulturhus,29,403639,"Herredsvej 190, 4944 Fejø",,,,
706746,Østdanmark,Dannemare,35,Rudbjerghallen,29,403639,"Rudbjergvej 16B, 4983 Dannemare",,,,
706816,Østdanmark,Femø,28,Femø Kro og Kursuscenter,29,403639,"Askhavnsvej 69, 4945 Femø",,,,
702106,Østdanmark,Rødby,36,Blomsterparkens Cafeteria,29,403639,"Blomsterparken 70, 4970 Rødby",,,,
705458,Østdanmark,Nakskov,20,Nakskov Idrætscenter,29,403639,"A. E. Hansensvej 1, 4900 Nakskov",,,,
712286,Østdanmark,2. Vest,10,Skolen på Islands Brygge,2,403565,"Artillerivej 57, 2300 København S",,,,
725346,Østdanmark,2. Øst,57,Dyvekeskolen,2,403565,"Remisevej 16, 2300 København S",,,,
706166,Østdanmark,2. Nord,8,Amager Fælled Skole,2,403565,"Sundholmsvej 2A, 2300 København S",Fintælling,50.0,50.0,Socialdemokratiet
711204,Østdanmark,2. Sundbyvester,7,Sundby Idrætspark,2,403565,"Englandsvej 61, 2300 København S",,,,
706562,Østdanmark,2. Ørestad,9,Ørestad Gymnasium,2,403565,"Ørestads Boulevard 75, 2300 København S",,,,
749400,Østdanmark,2. Kalvebod Fælled,61,Kalvebod Fælled Skole,2,403565,"Else Alfelts Vej 2, 2300 København S",,,,
749401,Østdanmark,2. Peder Lykke,62,Peder Lykke Skolen,2,403565,"Birketinget 3, 2300 København S",,,,
724738,Østdanmark,Milestedet,7,Milestedet,16,403562,"Nørrekær 8, 2610 Rødovre",,,,
706324,Østdanmark,Islev,6,Islev Skole,16,403562,"Islevbrovej 44, 2610 Rødovre",,,,
701152,Østdanmark,Kildegårdhallen,3,Kildegårdhallen,16,403562,"Dildhaven 40, 2730 Herlev",,,,
707822,Østdanmark,Ørbygård,1,Plejehjemmet Ørbygård,16,403562,"Medelbyvej 6, 2610 Rødovre",,,,
709566,Østdanmark,Rødovrehallen,5,Rødovrehallen,16,403562,"Rødovre Parkvej 425, 2610 Rødovre",,,,
707814,Østdanmark,Valhøj,4,Valhøj Skole,16,403562,"Rødager Alle 102, 2610 Rødovre",,,,
710346,Østdanmark,Herlev Hallerne,2,"Herlev Hallerne, Annekshallen",16,403562,"Tvedvangen 198, 2730 Herlev",,,,
705072,Østdanmark,Tinderhøj,2,Tinderhøj Skole,16,403562,"Fortvej 71, 2610 Rødovre",,,,
705798,Østdanmark,Herlev Medborgerhus,1,Herlev Medborgerhus,16,403562,"Herlevgårdsvej 18, 2730 Herlev",,,,
705066,Østdanmark,Rødovre,3,Rødovre Skole,16,403562,"Rødovrevej 139, 2610 Rødovre",,,,
704036,Østdanmark,Kr. Helsinge,5,Kr. Helsinge Forsamlingshus,38,403631,"Helsingevej 78, Kirke Helsinge, 4281 Gørlev",,,,
707012,Østdanmark,Gørlev,4,Gørlevhallen,38,403631,"Kalundborgvej 29, 4281 Gørlev",,,,
708648,Østdanmark,Sejerø,2,Sejerø Skole,38,403631,"Nordbyvej 3, 4592 Sejerø",,,,
704442,Østdanmark,Fårevejle,2,Fårevejle Hallen,38,403631,"Kalundborgvej 21, Kirkebyen, 4540 Fårevejle",,,,
701326,Østdanmark,Lumsås,12,Lumsås Forsamlingshus,38,403631,"Oddenvej 184, Lumsås, 4500 Nykøbing Sj",,,,
701008,Østdanmark,Årby-Rørby,15,Rørbyhallen,38,403631,"Bakkegårdsvej 15, Rørby, 4400 Kalundborg",,,,
701032,Østdanmark,Kalundborghallen,12,Kalundborg Hallerne Ing.D Torvet,38,403631,"J H - Petersens Alle 11, 4400 Kalundborg",,,,
702334,Østdanmark,Reersø,6,Reersø Kro,38,403631,"Strandvejen 46, Reersø, 4281 Gørlev",,,,
702316,Østdanmark,Høng,9,Høng Hallen,38,403631,"Rosenvænget 23, 4270 Høng",,,,
701026,Østdanmark,Buerup,10,Buerup Forsamlingshus,38,403631,"Buerupvej 24, Buerup, 4450 Jyderup",,,,
710514,Østdanmark,Nykøbing,7,Hallerne i Nykøbing Sj.,38,403631,"A Ladingsvej 1, 4500 Nykøbing Sj",,,,
711468,Østdanmark,Rynkevang,13,Rynkevanghallen,38,403631,"Møllevej 10, 4400 Kalundborg",,,,
707004,Østdanmark,Svallerup,7,Svallerup Forsamlingshus,38,403631,"Svallerup Landevej 19, Svallerup, 4400 Kalundborg",,,,
708896,Østdanmark,Egebjerg,10,Egebjerg Forsamlingshus,38,403631,"Ved Kirken 4, Egebjerg, 4500 Nykøbing Sj",,,,
701040,Østdanmark,Svebølle,3,Svebølle Aktivitetscenter - Åvangen,38,403631,"Centervej 13, 4470 Svebølle",,,,
711730,Østdanmark,Hørve,4,Vallekilde-Hørve Kultur- og Idrætscenter,38,403631,"Idrætsvej 3, 4534 Hørve",,,,
708820,Østdanmark,Højby,11,Borren,38,403631,"Nyvej 17, 4573 Højby",,,,
710188,Østdanmark,Røsnæs,17,Røsnæs Forsamlingshus,38,403631,"Søbakken 7, 4400 Kalundborg",,,,
702322,Østdanmark,Gierslev,11,Løve Forsamlingshus,38,403631,"Stationsvej 4, Løve, 4270 Høng",,,,
708906,Østdanmark,Odden,5,Odden Forsamlingshus,38,403631,"Skoletoften 6, Havnebyen, 4583 Sjællands Odde",,,,
702328,Østdanmark,Ulshøj,18,Musisk Skole,38,403631,"Skovbrynet 55, 4400 Kalundborg",,,,
705664,Østdanmark,Snertinge,1,Aktivitetshuset Vesterlunden,38,403631,"Vesterlunden 1, Særslev, 4460 Snertinge",,,,
704468,Østdanmark,Vig,6,Vig Forsamlingshus,38,403631,"Ravnsbjergvej 1, 4560 Vig",,,,
711460,Østdanmark,Raklev,16,Raklev Sognegård,38,403631,"Elledevej 59, 4400 Kalundborg",,,,
710508,Østdanmark,Grevinge,3,Herrestrup Skole og Videnscenters hal,38,403631,"Vestergade 10C, Herrestrup, 4571 Grevinge",,,,
705658,Østdanmark,Tømmerup,14,Tømmeruphallen,38,403631,"Tømmerupvej 20, 4400 Kalundborg",,,,
708654,Østdanmark,Ubby,8,Ubby Forsamlingshus,38,403631,"Hovedgaden 19, Ubby, 4490 Jerslev Sjælland",,,,
701320,Østdanmark,Asnæs,1,Hallerne i Asnæs,38,403631,"Teglværkskrogen 4, 4550 Asnæs",,,,
701300,Østdanmark,Rørvig,8,Sognegården,38,403631,"Søndervangsvej 45, 4581 Rørvig",,,,
707376,Østdanmark,Nr. Asmindrup,13,Nr. Asmindrup Forsamlingshus,38,403631,"Asmindrupvej 34, 4572 Nørre Asmindrup",,,,
704286,Østdanmark,Græsted,4,Gribskovhallen,23,403555,"Larsensvej 15B, 3230 Græsted",,,,
749323,Østdanmark,Gørløse,12,Gørløse Forsamlingshus,23,403555,"Hovedvejen 28A, 3330 Gørløse",,,,
749324,Østdanmark,"Grønnevang Skole, Østervang",9,"Grønnevang Skole, afd. Østervang",23,403555,"Østervang 124, 3400 Hillerød",,,,
749326,Østdanmark,Lille Lyngby,10,Arresøhus Forsamlingshus,23,403555,"Skolevej 2, Meløse, 3320 Skævinge",,,,
704344,Østdanmark,Hillerødsholmsskolen,2,Hillerødsholmskolen,23,403555,"Hillerødsholmsalle 2, 3400 Hillerød",,,,
705812,Østdanmark,Mårum,9,Mårum Forsamlingshus,23,403555,"Hessemosevej 9, 3230 Græsted",,,,
705834,Østdanmark,Annisse,5,Annisse Forsamlingshus,23,403555,"Helsingevej 8, 3200 Helsinge",,,,
704298,Østdanmark,Helsinge,8,Helsingehallen,23,403555,"Idrætsvej 21, 3200 Helsinge",,,,
701190,Østdanmark,Brødeskov,3,Sognegården,23,403555,"Kirkepladsen 1, Nørre Herlev, 3400 Hillerød",,,,
710380,Østdanmark,Gadevang,8,Gadevang Forsamlingshus,23,403555,"Gadevangsvej 145A, Gadevang, 3400 Hillerød",,,,
707252,Østdanmark,Hammersholt,4,Hammersholt Forsamlingshus,23,403555,"Hammersholt Byvej 16, Hammersholt, 3400 Hillerød",,,,
711598,Østdanmark,Gilleleje,6,Gillelejehallen,23,403555,"Bøgebakken 19C, 3250 Gilleleje",,,,
708774,Østdanmark,Royal Stage,1,Royal Stage,23,403555,"Milnersvej 39A, 3400 Hillerød",,,,
749322,Østdanmark,"Skævinge, Harløse, Strø",11,"Skævinge Kultur,- Idræts- og Fritidshus",23,403555,"Ny Harløsevej 15A, 3320 Skævinge",,,,
708732,Østdanmark,Valby,3,Valby Forsamlingshus,23,403555,"Aggebovej 6, 3200 Helsinge",,,,
702752,Østdanmark,Ramløse,10,Ramløsehallen,23,403555,"Kirsebærvej 21, Ramløse, 3200 Helsinge",,,,
702782,Østdanmark,Alsønderup,5,"Hillerød Vest Skolen, Alsønderup",23,403555,"Baunevej 8, Alsønderup, 3400 Hillerød",,,,
704292,Østdanmark,Vejby,11,Vejby Forsamlingshus,23,403555,"Stationsvej 14, 3210 Vejby",,,,
708756,Østdanmark,Blistrup,1,"Gilbjergskolen, Blistrup",23,403555,"Toftegårdsvej 6, Udsholt, 3230 Græsted",,,,
749325,Østdanmark,Uvelse,13,Uvelse Bibliotek,23,403555,"Uvelse Byvej 3, Uvelse, 3550 Slangerup",,,,
701196,Østdanmark,Ullerød,6,Sophienborgskolen,23,403555,"Sophienborg Alle 9, 3400 Hillerød",,,,
707246,Østdanmark,Søborg,7,Søborg Forsamlingshus,23,403555,"Bygaden 7, Søborg, 3250 Gilleleje",,,,
701184,Østdanmark,Tibirke,12,Tisvilde Idrætshus,23,403555,"Tisvilde Bygade 35, 3220 Tisvildeleje",,,,
707266,Østdanmark,Nødebo,7,"Grønnevang Skole, Afd. Nødebo",23,403555,"Skolevej 2, Nødebo, 3480 Fredensborg",,,,
701158,Østdanmark,Esbønderup,2,Tingbakkehallen,23,403555,"Tingbakken 10, Esbønderup Skovhuse, 3230 Græsted",,,,
701520,Østdanmark,8. Sydøst,47,Sankt Annæ Gymnasium,8,403576,"Sjælør Boulevard 135, 2500 Valby",,,,
707648,Østdanmark,8. Valby,42,Ålholm Skole,8,403576,"Vibeholmen 1, 2500 Valby",,,,
711890,Østdanmark,8. Vest,46,Lykkebo Hallen,8,403576,"Lykkebovej 30, 2500 Valby",,,,
709306,Østdanmark,8. Nord,43,Prøvehallen,8,403576,"Porcelænstorvet 4, 2500 Valby",,,,
704776,Østdanmark,8. Syd,44,Kirsebærhavens Skole,8,403576,"Kirsebærhaven 23, 2500 Valby",,,,
704784,Østdanmark,8. Midt,48,Vigerslev Allés Skole,8,403576,"Vigerslev Allé 108, 2500 Valby",,,,
704436,Østdanmark,Munkegård,2,Munkegårdsskolen,13,403558,"Vangedevej 178, 2870 Dyssegård",,,,
704424,Østdanmark,Skovshoved,9,Skovshoved Skole,13,403558,"Korsgårdsvej 1, 2920 Charlottenlund",,,,
707338,Østdanmark,Jægersborg,1,Tjørnegårdsskolen,13,403558,"Brogårdsvej 64, 2820 Gentofte",,,,
701254,Østdanmark,Hellerup,7,Byens Hus,13,403558,"Hellerupvej 24, 2900 Hellerup",,,,
702884,Østdanmark,Rådhuset,3,Rådhuset,13,403558,"Bernstorffsvej 161, 2920 Charlottenlund",,,,
708814,Østdanmark,Skovgård,10,Skovgårdsskolen,13,403558,"Skovgårdsvej 56, 2920 Charlottenlund",,,,
702878,Østdanmark,Bakkegård,4,Bakkegårdshallen,13,403558,"Bakkevænget 12, 2820 Gentofte",,,,
702872,Østdanmark,Ordrup,8,Ordruphallen,13,403558,"Ejgårdsvej 11, 2920 Charlottenlund",,,,
702890,Østdanmark,Maglegård,6,Maglegårdshallen,13,403558,"Bregnegårdsvej 25, 2900 Hellerup",,,,
711716,Østdanmark,Dyssegård,5,Dyssegårdsskolen Hallen,13,403558,"Dyssegårdsvej 26, 2900 Hellerup",,,,
702080,Østdanmark,Avedøre Skole,7,Avedøre Skole,17,403572,"Frydenhøjstien 4, 2650 Hvidovre",,,,
702088,Østdanmark,Sønderkærskolen,3,Sønderkærskolen,17,403572,"Kettegård Alle 2, 2650 Hvidovre",,,,
706740,Østdanmark,Avedøre Idrætscenter,8,Avedøre Idrætscenter,17,403572,"Trædrejerporten 1A, 2650 Hvidovre",,,,
706734,Østdanmark,Kometen,4,Kometen,17,403572,"Hvidovrevej 280A, 2650 Hvidovre",,,,
709882,Østdanmark,Præstemoseskolen,2,Præstemoseskolen,17,403572,"M Bechs Alle 122, 2650 Hvidovre",,,,
702070,Østdanmark,Frihedens Idrætscenter,6,Frihedens Idrætscenter,17,403572,"Hvidovrevej 446, 2650 Hvidovre",,,,
703836,Østdanmark,Holmegårdshallen,1,Holmegårdshallen,17,403572,"Plovheldvej 10, 2650 Hvidovre",,,,
702094,Østdanmark,Dansborghallen,5,Dansborghallen,17,403572,"Sollentuna Alle 4, 2650 Hvidovre",,,,
706974,Østdanmark,Søborg,7,Gladsaxe Idrætscenter - Idrætshal 1,15,403571,"Vandtårnsvej 55, 2860 Søborg",,,,
702286,Østdanmark,Egegård,3,Gladsaxe Skole,15,403571,"Gladsaxe Møllevej 127, 2860 Søborg",,,,
706944,Østdanmark,Værebro,9,Skovbrynet Skole,15,403571,"Værebrovej 156, 2880 Bagsværd",,,,
700958,Østdanmark,Mørkhøj,5,Mørkhøj skole,15,403571,"Ilbjerg Alle 25, 2860 Søborg",,,,
711428,Østdanmark,Hovedbiblioteket,2,Hovedbiblioteket,15,403571,"Søborg Hovedgade 220, 2860 Søborg",,,,
708592,Østdanmark,Vadgård,8,Vadgård Skole,15,403571,"Kong Hans Alle 32, 2860 Søborg",,,,
700934,Østdanmark,Stengård,6,Stengård Skole,15,403571,"Triumfvej 1, 2800 Kongens Lyngby",,,,
710060,Østdanmark,Grønnemose,4,Grønnemose Skole,15,403571,"Høje Gladsaxe Torv 4, 2860 Søborg",,,,
708600,Østdanmark,Bagsværd,1,Bibliografen,15,403571,"Bagsværd Hovedgade 116, 2880 Bagsværd",,,,
701580,Østdanmark,4. Øst,19,Skolen ved Sundet,4,403566,"Samosvej 50, 2300 København S",,,,
704930,Østdanmark,4. Nord,17,Skolen på Amagerbro,4,403566,"Lybækgade 20, 2300 København S",,,,
706154,Østdanmark,4. Syd,18,Gerbrandskolen,4,403566,"Gerbrandsvej 9, 2300 København S",,,,
707726,Østdanmark,4. Sundbyøster,16,Lergravsparkens Skole,4,403566,"Wittenberggade 2, 2300 København S",,,,
749399,Østdanmark,4. Nordøst,65,Nordøstamager Skole,4,403566,"Holmbladsgade 117, 2300 København S",,,,
710304,Østdanmark,Mørdrupskolen,11,Mørdrupskolen,21,403552,"Rugmarken 1A, Mørdrup, 3060 Espergærde",,,,
702690,Østdanmark,Espergærde Bibliotek,10,Espergærde Bibliotek,21,403552,"Kløvermarken 12, 3060 Espergærde",,,,
748170,Østdanmark,Toldkammeret,12,Toldkammeret,21,403552,"Havnepladsen 1, 3000 Helsingør",,,,
707098,Østdanmark,Bølgen,4,Bølgen,21,403552,"Jæmtlandsvej 1, 3140 Ålsgårde",,,,
705752,Østdanmark,"Laden, Gl. Vapnagård",3,"Laden, Gl. Vapnagård",21,403552,"Hovmarken 8, 3000 Helsingør",,,,
710298,Østdanmark,Skolen ved Gurrevej,2,Skolen ved Gurrevej,21,403552,"Gefionsvej 93, 3000 Helsingør",,,,
708702,Østdanmark,Hornbæk Skole,5,"Hornbæk Skole, Tumlesalen",21,403552,"Søren Kannes Vej 6A, 3100 Hornbæk",,,,
702682,Østdanmark,Snekkersten Hallen,9,Snekkersten Hallen,21,403552,"Agnetevej 1, Mørdrup, 3070 Snekkersten",,,,
705746,Østdanmark,Kvistgård Idrætsanlæg,8,Kvistgård Idrætsanlæg,21,403552,"Reerstrupvej 2A, 3490 Kvistgård",,,,
708696,Østdanmark,Tikøb Skole,7,Tikøb Skole,21,403552,"Præstegårdsvej 21, 3080 Tikøb",,,,
701118,Østdanmark,Helsingør Hallen,1,Helsingør Hallen,21,403552,"Gl Hellebækvej 63, 3000 Helsingør",,,,
707136,Østdanmark,Nygård Skole,6,Nygård Skole,21,403552,"Hellebækvej 44, 3000 Helsingør",,,,
703720,Østdanmark,Taastrup Kulturcenter,4,"Taastrup Kulturcenter, A-salen",19,403561,"Poppel Alle 12, 2630 Taastrup",,,,
709130,Østdanmark,Kongsholmcenteret,4,Kongsholmcenteret. Festsalen,19,403561,"Liljens Kvt 2, 2620 Albertslund",,,,
707896,Østdanmark,Rådhuset,6,Rådhuset,19,403561,"Rådhusstræde 1, Høje Taastrup, 2630 Taastrup",,,,
709136,Østdanmark,Egelundskolen,2,Egelundskolen,19,403561,"Egelundsvej 8, 2620 Albertslund",,,,
748591,Østdanmark,Springcenter Nærheden,14,Springcenter Nærheden,19,403561,"Sejlbjerg Alle 5, Nærheden, 2640 Hedehusene",,,,
711110,Østdanmark,Reerslev Skole,13,"Reerslev Skole, Aulaen",19,403561,"Tingstedvej 40, Reerslev, 2640 Hedehusene",,,,
701958,Østdanmark,Parkskolen,2,"Parkskolen, Festsalen",19,403561,"Parkvej 76, 2630 Taastrup",,,,
709780,Østdanmark,Fløng Hallen,12,"Fløng Hallen, v/Fløng Skole",19,403561,"Soderupvej 13B, Soderup, 2640 Hedehusene",,,,
701852,Østdanmark,Børne- og Kulturhuset,1,Børne- og Kulturhuset,19,403561,"Taastrupgårdsvej 75, 2630 Taastrup",,,,
704718,Østdanmark,Herstedøster Skole,1,Herstedøster skole,19,403561,"Trippendalsvej 2, 2620 Albertslund",,,,
701952,Østdanmark,Sengeløse,9,"Sengeløse Fritidshus, v/Hallen",19,403561,"Spangåvej 9, Sengeløse, 2630 Taastrup",,,,
706090,Østdanmark,Herstedvester Skole,5,Herstedvester skole,19,403561,"Herstedvestervej 44, 2620 Albertslund",,,,
703634,Østdanmark,Torstorp Skole,8,"Torstorp Skole, Hallen",19,403561,"Torstorpvej 1, Høje Taastrup, 2630 Taastrup",,,,
706412,Østdanmark,Hallen ved Rønnevangsstrøget,7,Hallen ved Rønnevangsstrøget,19,403561,"Lindehaven 6, Taastrup, 2630 Taastrup",,,,
710708,Østdanmark,Herstedlund Skole,3,Herstedlund Skole,19,403561,"Nyvej 5, 2620 Albertslund",,,,
701970,Østdanmark,Charlotteskolen,10,"Charlotteskolen, Hallen",19,403561,"Charlottegårdsvej 1B, Baldersbrønde, 2640 Hedehusene",,,,
703648,Østdanmark,Ølstykke,7,Ølstykke Hallen,25,403553,"Tranekærvej 1, 3650 Ølstykke",,,,
706956,Østdanmark,Paltholm,7,"Teatersalen, Kulturhuset",25,403553,"Kulturtorvet 12, 3520 Farum",,,,
705194,Østdanmark,Slagslunde,6,Slagslunde Forsamlingshus,25,403553,"Klokkekildevej 8, Slagslunde, 3660 Stenløse",,,,
712198,Østdanmark,Veksø,4,Veksø Multihal,25,403553,"Gl Hovevej 14, 3670 Veksø Sjælland",,,,
705614,Østdanmark,Solvang,6,Solvangskolens Hal,25,403553,"Nordtoftevej 58, 3520 Farum",,,,
711116,Østdanmark,Smørum Idrætscenter,2,Smørum Idrætscenter,25,403553,"Flodvej 62, Smørumnedre, 2765 Smørum",,,,
709714,Østdanmark,Stenløse,3,Stenløse Hallen,25,403553,"Præstegårdsvej 20, 3660 Stenløse",,,,
710110,Østdanmark,Hareskov,2,Hareskovhallen,25,403553,"Månedalstien 8, Hareskov, 3500 Værløse",,,,
706424,Østdanmark,Ganløse,5,Ganløse Hallen,25,403553,"Vestergade 5, Ganløse, 3660 Stenløse",,,,
700970,Østdanmark,Værløse,1,Værløsehallen,25,403553,"Stiager 8, 3500 Værløse",,,,
703642,Østdanmark,Ledøje Forsamlingshus,1,Ledøje Forsamlingshus,25,403553,"Øbakkevej 6, Ledøje, 2765 Smørum",,,,
708606,Østdanmark,Stavnsholt,5,Farum Arena,25,403553,"Stavnsholtvej 41, 3520 Farum",,,,
705206,Østdanmark,Bækkegårdsskolen,9,Bækkegårdsskolen,25,403553,"Bækkegårds Plads 2, 3650 Ølstykke",,,,
703986,Østdanmark,Søndersø,3,Søndersøhallen,25,403553,"Kirke Værløsevej 50, 3500 Værløse",,,,
701864,Østdanmark,Stengårdsskolen,8,Stengårdsskolen,25,403553,"Stengårds Plads 2, 3650 Ølstykke",,,,
710104,Østdanmark,Jonstrup,4,Jonstruphus,25,403553,"Jonstrupvangvej 159, Jonstrup, 3500 Værløse",,,,
704050,Østdanmark,Virum,6,Virum Skole,14,403557,"Skolebakken 9, 2830 Virum",,,,
706998,Østdanmark,Engelsborg,4,Engelsborghallen,14,403557,"Engelsborgvej 93, 2800 Kongens Lyngby",,,,
711474,Østdanmark,Taarbæk,5,Taarbæk Skole,14,403557,"Taarbæk Strandvej 96, 2930 Klampenborg",,,,
704030,Østdanmark,Trongård,3,Trongårdsskolen,14,403557,"Trongårdsvej 50, 2800 Kongens Lyngby",,,,
708642,Østdanmark,Lyngby Idrætsby,2,"Lyngby Idrætsby, Hal 2",14,403557,"Lundtoftevej 53A, 2800 Kongens Lyngby",,,,
710170,Østdanmark,Hummeltofte,7,Hummeltofteskolen,14,403557,"Grønnevej 218, 2830 Virum",,,,
702310,Østdanmark,Virumhallerne,8,Virumhallerne,14,403557,"Geels Plads 40, 2830 Virum",,,,
710194,Østdanmark,Lundtofte,9,Lundtofte Skole,14,403557,"Nøjsomhedsvej 1, 2800 Kongens Lyngby",,,,
710178,Østdanmark,Lyngby Midt,1,Lyngby Rådhus,14,403557,"Lyngby Torv 17, 2800 Kongens Lyngby",,,,
709818,Østdanmark,Kokkedal,5,Egedalshallen,22,403554,"Holmegårdsvej 3, 2980 Kokkedal",,,,
702010,Østdanmark,Niverød,7,Nivå Skole Nord,22,403554,"Mariehøj 501, Niverød, 2990 Nivå",,,,
703808,Østdanmark,Asminderød,1,Fredensborg-Hallen,22,403554,"Kastanievej 18, 3480 Fredensborg",,,,
703814,Østdanmark,Baunebjerg,4,Humlebæk Skole,22,403554,"Baunebjergvej 401, 3050 Humlebæk",,,,
709324,Østdanmark,Usserød,2,Usserød Skole,22,403554,"Gl Byvej 10, 2970 Hørsholm",,,,
707682,Østdanmark,Grønnegade,4,Skovhus,22,403554,"Stumpedyssevej 4, 2970 Hørsholm",,,,
707664,Østdanmark,Hørsholm,1,Hørsholm Skole,22,403554,"Selmersvej 6, 2970 Hørsholm",,,,
707688,Østdanmark,Rungsted,3,Rungsted Skole,22,403554,"Østre Stationsvej 1A, 2960 Rungsted Kyst",,,,
711902,Østdanmark,Vallerød,5,Vallerødskolen,22,403554,"Stadionalle 12, 2960 Rungsted Kyst",,,,
700760,Østdanmark,Karlebo,8,Karlebo Kro,22,403554,"Karlebovej 10, 2980 Kokkedal",,,,
703766,Østdanmark,Humlebæk,3,Humlebæk-Hallen,22,403554,"Gl Strandvej 130B, 3050 Humlebæk",,,,
708376,Østdanmark,Nivå,9,Nivaagaards Malerisamling,22,403554,"Gammel Strandvej 2, 2990 Nivå",,,,
709824,Østdanmark,Fredensborg,2,Endrupskolens Hal,22,403554,"Endrupvej 32, 3480 Fredensborg",,,,
708328,Østdanmark,Korsvejen,4,Korsvejens Skoles Festsal,12,403563,"Tårnbyvej 5, 2770 Kastrup",,,,
701986,Østdanmark,Pilegården,2,Pilegårdsskolens Festsal,12,403563,"Munkebjergvej 2, 2770 Kastrup",,,,
706596,Østdanmark,Dragør Skole,1,Dragør Skole,12,403563,"Vestgrønningen 5, 2791 Dragør",,,,
708012,Østdanmark,Kastrup,6,Skottegårdsskolens Aula,12,403563,"Saltværksvej 65, 2770 Kastrup",,,,
711216,Østdanmark,Vestamager,1,Vestamager Hallen,12,403563,"Ugandavej 105, 2770 Kastrup",,,,
701922,Østdanmark,Hollænderhallen,4,Hollænderhallen,12,403563,"Halvejen 3, 2791 Dragør",,,,
709804,Østdanmark,Tårnby,3,Nordregårdsskolens Festsal,12,403563,"Tejn Alle 3, 2770 Kastrup",,,,
701992,Østdanmark,Løjtegården,5,Løjtegårdsskolens Festsal,12,403563,"Løjtegårdsvej 36, 2770 Kastrup",,,,
707890,Østdanmark,Hasle,9,Hasle Hallen,27,403550,"Byvangen 6, Hasle, 3790 Hasle",,,,
712002,Østdanmark,Klemensker,7,Bornholms Ungdomsskole,27,403550,"Sct Klemensgade 26, Klemensker, 3782 Klemensker",,,,
711102,Østdanmark,Rønne,8,Rønne Idrætshal,27,403550,"Torneværksvej 1, Rønne, 3700 Rønne",,,,
725338,Østdanmark,1. Øst,56,Skolen på Strandboulevarden,1,403564,"Strandboulevarden 47, 2100 København Ø",,,,
704936,Østdanmark,1. Syd,3,Remisen,1,403564,"Blegdamsvej 132, 2100 København Ø",,,,
706160,Østdanmark,1. Vest,5,Nørre Fælled Skole,1,403564,"Biskop Krags Vænge 7, 2100 København Ø",,,,
711932,Østdanmark,1. Nord,2,Strandvejsskolen,1,403564,"Sionsgade 1, 2100 København Ø",,,,
707732,Østdanmark,1. Østerbro,1,Idrætshuset,1,403564,"Gunnar Nu Hansens Pl 7, 2100 København Ø",ForeløbigOptælling,50.0,50.0,Socialdemokratiet
710802,Østdanmark,1. Nordvest,6,Kildevældsskolen,1,403564,"Bellmansgade 5A, 2100 København Ø",,,,
749398,Østdanmark,1. Nordhavn,60,Østerbrohuset,1,403564,"Århusgade 103, 2100 København Ø",,,,
703086,Østdanmark,Svaneke,3,Svaneke Hallen,28,403551,"Sydskovvej 4, Svaneke, 3740 Svaneke",,,,
703208,Østdanmark,Allinge,1,Bornholms Idræts- & Kulturcenter,28,403551,"Strandvejen 1, Allinge, 3770 Allinge",,,,
707574,Østdanmark,Østermarie,2,Østermarie Hallen,28,403551,"Idrætsvej 1, Østermarie, 3751 Østermarie",,,,
704742,Østdanmark,Aakirkeby,6,Aakirkeby-Hallerne,28,403551,"Grønningen 3, Aakirkeby, 3720 Aakirkeby",,,,
703286,Østdanmark,Nexø,4,Paradisbakkeskolen,28,403551,"Kong Gustafsvej 10A, Nexø, 3730 Nexø",,,,
709262,Østdanmark,Pedersker,5,Pedersker Samlingshus,28,403551,"Pedersker Hovedgade 56, Pedersker, 3720 Aakirkeby",,,,
705054,Østdanmark,Kalvehave,16,Viemose Egnshus,31,403636,"Viemose Gade 7, 4771 Kalvehave",,,,
711010,Østdanmark,Vordingborg,1,"Gåsetårnskolen, afd. Iselinge",31,403636,"Chr Richardtsvej 33, 4760 Vordingborg",,,,
712094,Østdanmark,Østmøn,9,"Møn Skole, afd. Hjertebjerg, Hallen",31,403636,"Klintevej 237, Hjertebjerg, 4780 Stege",,,,
705078,Østdanmark,Kastrup,4,Kastrup Hallen,31,403636,"Sct.Clemensvej 27, 4760 Vordingborg",,,,
709558,Østdanmark,Bårse,5,Bårsehallen,31,403636,"Næstvedvej 63C, Bårse, 4720 Præstø",,,,
701742,Østdanmark,Bogø,11,Bogø Hallen,31,403636,"Skovvangen 8, 4793 Bogø By",,,,
707768,Østdanmark,Stege,8,"Møn Skole, afd. Stege",31,403636,"Birkevænget 2, 4780 Stege",,,,
705010,Østdanmark,Lundby,6,Svend Gønge Hallen,31,403636,"Sværdborgvej 3, 4750 Lundby",,,,
701732,Østdanmark,Allerslev,13,Allerslev Egnshus,31,403636,"Enghavevej 2B, 4720 Præstø",,,,
705084,Østdanmark,Nyråd,3,Vintersbølle Hallen,31,403636,"Bakkebøllevej 6, 4760 Vordingborg",,,,
703480,Østdanmark,Jungshoved,14,Egnshuset Jungshoved Skole,31,403636,"Jungshovedvej 46, 4720 Præstø",,,,
709584,Østdanmark,Ørslev,7,Ørslev Egnshus,31,403636,"Rynkebjerg 7, 4760 Vordingborg",,,,
706330,Østdanmark,Stensved,17,Langebæk Hallen,31,403636,"Åløkkevej 2, 4773 Stensved",,,,
707828,Østdanmark,Mern,15,"Mern Skole (Kalvehave Skole og Børnehus, afd. Mern)",31,403636,"Kalvehavevej 21, 4735 Mern",,,,
701698,Østdanmark,Vestmøn,10,Damme Kro,31,403636,"Fanefjordgade 162, Damme, 4792 Askeby",,,,
706306,Østdanmark,Præstø,12,Præstø Multicenter,31,403636,"Rosagervej 37, 4720 Præstø",,,,
710656,Østdanmark,Gyrstinge,3,Landsbyhuset Gyrstinge,39,403632,"Gyrstinge Bygade 36, Gyrstinge, 4100 Ringsted",,,,
711816,Østdanmark,Haraldsted,5,Haraldsted Forsamlingshus,39,403632,"Langebjergvej 56, Haraldsted, 4100 Ringsted",,,,
710022,Østdanmark,Stenlille,10,Stenlille-Hallen (Hal 2),39,403632,"Idrætsvej 4, 4295 Stenlille",,,,
703050,Østdanmark,Benløse,4,Benløsehallen,39,403632,"Præstevej 19, Benløse, 4100 Ringsted",,,,
711804,Østdanmark,Ringsted Nørretorv,1,Ringsted Kongrescenter,39,403632,"Nørretorv 55, 4100 Ringsted",,,,
704612,Østdanmark,Vigersted,13,Vigersted Forsamlingshus,39,403632,"Vigersted Bygade 41, Vigersted, 4100 Ringsted",,,,
705564,Østdanmark,Ruds Vedby,2,Ruds Vedby Sognegård,39,403632,"Rudsgade 15C, 4291 Ruds Vedby",,,,
703062,Østdanmark,Bringstrup,2,Bringstrup Forsamlingshus,39,403632,"Egerupvej 6, Bringstrup, 4100 Ringsted",,,,
702234,Østdanmark,Sorø,5,Sorø Borgerskole - Bygning H,39,403632,"Alleen 8, 4180 Sorø",,,,
711410,Østdanmark,Frederiksberg,6,Frederiksberg Skole (Hal 1),39,403632,"Smedeparken 1, 4180 Sorø",,,,
709042,Østdanmark,Kværkeby,9,Kværkeby Friskole,39,403632,"Kværkebyvej 2B, Kværkeby, 4100 Ringsted",,,,
711404,Østdanmark,Alsted Fjenneslev,4,Huset Vrangshøj,39,403632,"Thyrasvej 45, 4173 Fjenneslev",,,,
700914,Østdanmark,Pedersborg,8,Pedersborg Skole (Musiklokalet),39,403632,"Rustkammervej 76, 4180 Sorø",,,,
704618,Østdanmark,Ringsted Dagmarskolen,6,Dagmarskolen,39,403632,"Vestervej 11, 4100 Ringsted",,,,
707472,Østdanmark,Sneslev,11,Sneslev Forsamlingshus,39,403632,"Haslevvej 342, 4100 Ringsted",,,,
705570,Østdanmark,Dianalund,1,Holberghallen (Multisalen),39,403632,"Sømosevej 48, 4293 Dianalund",,,,
706072,Østdanmark,Vetterslev,10,Vetterslev-Høm Forsamlingshus,39,403632,"Næstvedvej 364, 4100 Ringsted",,,,
710650,Østdanmark,Jystrup,8,Jystrup Aktivitetshus,39,403632,"Skjoldenæsvej 65, Jystrup, 4174 Jystrup Midtsj",,,,
703056,Østdanmark,Ørslev,14,Ørslev Kulturhus,39,403632,"Terslevvej 75, Ørslev, 4100 Ringsted",,,,
711810,Østdanmark,Nordrup,12,Nordrup Forsamlingshus,39,403632,"Nordrupvej 130, Nordrup, 4100 Ringsted",,,,
705042,Østdanmark,Øster Ulslev,9,Øster Ulslev Forsamlingshus,30,403638,"Holebyvej 30, 4894 Øster Ulslev",,,,
705108,Østdanmark,Gedser,20,Gedser Idræts- og Medborgerhus,30,403638,"Skråvej 2, 4874 Gedser",,,,
703496,Østdanmark,Stubbekøbing,16,Stubbekøbing Hallen,30,403638,"Gl. Landevej 1, 4850 Stubbekøbing",,,,
701828,Østdanmark,Sundby,7,SUNDskolen,30,403638,"Linde Alle 36, Ø Toreby, 4800 Nykøbing F",,,,
701778,Østdanmark,Toreby,6,Torebyhallen,30,403638,"Gl. Landevej 17, Toreby, 4891 Toreby L",,,,
707852,Østdanmark,Sakskøbing,13,Sakskøbing Sportscenter,30,403638,"P Hansens Vej 15, 4990 Sakskøbing",,,,
703548,Østdanmark,Idestrup,18,Idestrup Forsamlingshus,30,403638,"Kirkevej 19, 4872 Idestrup",,,,
706386,Østdanmark,Ejegod,4,Ejegod Hallen,30,403638,"Møllebakken 7, 4800 Nykøbing F",,,,
709640,Østdanmark,Horreby,17,Horreby Hallen,30,403638,"Nykøbingvej 198B, Horreby, 4800 Nykøbing F",,,,
712156,Østdanmark,Eskilstrup,12,Eskilstrup Hallerne,30,403638,"Stødstrupvej 5, Stødstrup, 4863 Eskilstrup",,,,
712080,Østdanmark,Nysted,8,Nysted Idrætssal,30,403638,"Ndr Kongemarksvej 18, 4880 Nysted",,,,
712124,Østdanmark,Kraghave,5,Nordbyskolen,30,403638,"Nordby Allé 2, Nordbyen, 4800 Nykøbing F",,,,
703554,Østdanmark,Østerbro,2,Brydeklubben Thor,30,403638,"Gartnervej 3, 4800 Nykøbing F",,,,
706380,Østdanmark,Lindeskov,3,Østerbroskolen,30,403638,"Lindevænget 1, 4800 Nykøbing F",,,,
711018,Østdanmark,Nørre Vedby,11,Nørre Vedby Hallen,30,403638,"Vigvej 8, Nørre Vedby, 4840 Nørre Alslev",,,,
709572,Østdanmark,Majbølle,14,GULDborgen,30,403638,"Guldborgvej 228, Soesmarke, 4862 Guldborg",,,,
701764,Østdanmark,Væggerløse,19,Væggerløse Hallen,30,403638,"Idrætsalleen 1, 4873 Væggerløse",,,,
709646,Østdanmark,Byen,1,Nykøbing F. Hallen,30,403638,"Nørre Boulevard 4A, 4800 Nykøbing F",,,,
709670,Østdanmark,Våbensted,15,Landsbyen,30,403638,"Krårup Møllevej 1, 4990 Sakskøbing",,,,
701748,Østdanmark,Nørre Alslev,10,Nordfalster Idræts- og Kulturcenter,30,403638,"Skolegade 3, 4840 Nørre Alslev",,,,
709590,Østdanmark,"10. Kreds, Bülowsvej",3,Bülowsvejhallen,10,403570,"Bülowsvej 34, 1870 Frederiksberg C",,,,
701758,Østdanmark,"10. Kreds, Søerne",1,Skolen ved Søerne,10,403570,"Niels Ebbesens Vej 10, 1911 Frederiksberg C",,,,
705122,Østdanmark,"10. Kreds, Grundtvigsvej",2,Skolen på Grundtvigsvej,10,403570,"Henrik Steffens Vej 10, 1866 Frederiksberg C",,,,
711030,Østdanmark,"10. Kreds, Duevej",4,Skolen på Duevej,10,403570,"Duevej 63, 2000 Frederiksberg",,,,
706178,Østdanmark,7. Øst,34,Bellahøj Skole,7,403575,"Svenskelejren 18, 2700 Brønshøj",,,,
701626,Østdanmark,7. Rødkilde,33,Rødkilde Skole,7,403575,"Godthåbsvej 274, 2720 Vanløse",,,,
710814,Østdanmark,7. Vanløse,41,Vanløsehallerne,7,403575,"Hirtshalsvej 6C, 2720 Vanløse",,,,
710820,Østdanmark,7. Nord,32,Tingbjerg Skole,7,403575,"Skolesiden 2, 2700 Brønshøj",,,,
703374,Østdanmark,7. Kirkebjerg,40,Kirkebjerg Skole,7,403575,"Vanløsehøj 4, 2720 Vanløse",,,,
707744,Østdanmark,7. Nordvest,36,Husum Skole,7,403575,"Karlslundevej 23, 2700 Brønshøj",,,,
711946,Østdanmark,7. Vest,35,EnergiCenter Voldparken,7,403575,"Kobbelvænget 65, 2700 Brønshøj",,,,
701294,Østdanmark,St. Merløse,8,Merløse Fritidscenter,37,403628,"Holbækvej 34, 4370 Store Merløse",,,,
708868,Østdanmark,Udby,6,Tuse Næs Hallerne,37,403628,"Udby Kirkevej 23, Udby, 4300 Holbæk",,,,
704450,Østdanmark,Jyderup,11,Jyderup Hallen,37,403628,"Elmegården 58, 4450 Jyderup",,,,
705958,Østdanmark,Tuse,5,Tuse Hallen,37,403628,"Tuse Byvej 8, Tuse, 4300 Holbæk",,,,
701314,Østdanmark,Mørkøv,12,Mørkøv Hallen,37,403628,"Skamstrupvej 7, 4440 Mørkøv",,,,
705924,Østdanmark,Vipperød,4,Vipperød Hallen,37,403628,"Rensdyrvej 4, 4390 Vipperød",,,,
705950,Østdanmark,Holbæk Vest,2,Absalonskolen,37,403628,"Vandtårnsvej 3, 4300 Holbæk",,,,
708878,Østdanmark,Tølløse,7,Tølløse Hallen,37,403628,"Sportsvej 2, 4340 Tølløse",,,,
708862,Østdanmark,Svinninge,13,Svinninge Sportscenter,37,403628,"Svinningehallen 1, 4520 Svinninge",,,,
707370,Østdanmark,Regstrup,9,Jernløse Hallen,37,403628,"Gl. Skovvej 150B, Nørre Jernløse, 4420 Regstrup",,,,
708890,Østdanmark,Holbæk Øst,1,Bjergmarkshallen,37,403628,"Bispehøjen 2, 4300 Holbæk",,,,
704456,Østdanmark,Undløse,10,Undløse Hallen,37,403628,"Øvej 5A, Undløse, 4340 Tølløse",,,,
710502,Østdanmark,Gislinge,14,Gislinge Skole,37,403628,"Skolevej 4, 4532 Gislinge",,,,
707528,Østdanmark,Orø,15,Orø Forsamlingshus,37,403628,"Brøndevej 24, Bybjerg, 4305 Orø",,,,
702906,Østdanmark,Holbæk Midt,3,Elværket,37,403628,"Gasværksvej 9, 4300 Holbæk",,,,
706196,Østdanmark,5. Nørrebro,20,Guldberg Skole,5,403567,"Sjællandsgade 10, 2200 København N",,,,
710832,Østdanmark,5. Vest,24,Nørrebro Park Skole,5,403567,"Jagtvej 34, 2200 København N",,,,
704956,Østdanmark,5. Nordvest,25,Frederiksgård Skole,5,403567,"Ørholmgade 8, 2200 København N",,,,
706184,Østdanmark,5. Nord,21,Rådmandsgades Skole,5,403567,"Rådmandsgade 22, 2200 København N",,,,
703386,Østdanmark,5. Syd,22,Korsgadehallen,5,403567,"Korsgade 29, 2200 København N",,,,
704962,Østdanmark,5. Øst,23,Plejecentret Sølund,5,403567,"Ryesgade 20A, 2200 København N",,,,
725352,Østdanmark,5. Nørrebrohallen,58,Nørrebrohallen,5,403567,"Nørrebrogade 208, 2200 København N",,,,
707084,Østdanmark,Tjørnehøjhallen,2,Tjørnehøjhallen,18,403560,"Tornehøj 3, 2605 Brøndby",,,,
707090,Østdanmark,Brøndbyvester Skole,1,Brøndbyvester Skole,18,403560,"Krogagervej 34, 2605 Brøndby",,,,
748690,Østdanmark,Søholthallen,6,Søholthallen,18,403560,"Dyringparken 5, 2660 Brøndby Strand",,,,
709762,Østdanmark,Egholmskolen,2,"Egholmskolen, Festsalen",18,403560,"Egholmvej 19, 2665 Vallensbæk Strand",,,,
708674,Østdanmark,Lindelundshallen,3,Lindelundshallen,18,403560,"Bredager 160, 2605 Brøndby",,,,
702442,Østdanmark,Nørregård,4,Nørregård,18,403560,"Horsedammen 42, 2605 Brøndby",,,,
707962,Østdanmark,"Vallensbæk Skole, Multisalen",1,"Vallensbæk Skole, Multisalen",18,403560,"Idræts Alle 5, 2625 Vallensbæk",,,,
709944,Østdanmark,Ishøj Bycenter,5,Kulturium,18,403560,"Ishøj Østergade 28, 2635 Ishøj",,,,
702448,Østdanmark,Kulturhuset Brønden,5,Kulturhuset Brønden,18,403560,"Brøndby Str Centrum 60, 2660 Brøndby Strand",,,,
700876,Østdanmark,Strandgårdskolen,4,Strandgårdskolen,18,403560,"Ishøj Søvej 200R, 2635 Ishøj",,,,
708518,Østdanmark,Ishøj Landsby,1,Ishøj Forsamlingshus,18,403560,"Ishøj Bygade 82, 2635 Ishøj",,,,
700870,Østdanmark,Gildbroskolen,3,Gildbroskolen,18,403560,"Gildbrovej 39A, 2635 Ishøj",,,,
701896,Østdanmark,Pilehaveskolen,3,"Pilehaveskolen, Sportshallen",18,403560,"Horsbred 197, 2625 Vallensbæk",,,,
709938,Østdanmark,Vibeholmskolen,2,Vibeholmskolen,18,403560,"Vibeholms Vænge 129, 2635 Ishøj",,,,
706120,Østdanmark,9. Sydhavn,55,Skolen i Sydhavnen,9,403574,"Støberigade 1, 2450 København SV",,,,
706112,Østdanmark,9. Syd,51,Ellebjerg Skole,9,403574,"P. Knudsens Gade 37, 2450 København SV",,,,
709384,Østdanmark,9. Vesterbro,49,Tove Ditlevsens Skole,9,403574,"Enghave Plads 21, 1670 København V",,,,
709330,Østdanmark,9. Øst,52,Skolen ved Dybbølsbro,9,403574,"Kødboderne 8, 1714 København V",,,,
704918,Østdanmark,9. Midt,54,Bavnehøjhallen,9,403574,"Enghavevej 90, 2450 København SV",,,,
709338,Østdanmark,9. Vest,53,Vesterbro Ny Skole,9,403574,"Slesvigsgade 6, 1762 København V",,,,
701612,Østdanmark,9. Nord,50,Oehlenschlægersgades Skole,9,403574,"Oehlenschlægersgade 57, 1663 København V",,,,
749403,Østdanmark,9. Sluseholmen,66,Sluseholmen Skole,9,403574,"Ved Stigbordene 26, 2450 København SV",,,,
707284,Østdanmark,Roskilde Bymidte,1,Roskilde Bibliotek,36,403629,"Dronn Margrethes Vej 14, 4000 Roskilde",,,,
708806,Østdanmark,Klostermarken,2,Klostermarksskolen,36,403629,"Kongebakken 19, 4000 Roskilde",,,,
711686,Østdanmark,Gundsømagle,14,Gundsømagle Forsamlingshus,36,403629,"Hovedgaden 12, Gundsømagle, 4000 Roskilde",,,,
707314,Østdanmark,Gadstrup,16,Ramsø-Hallen,36,403629,"Ramsømaglevej 19, 4621 Gadstrup",,,,
702794,Østdanmark,Himmelev,6,Himmelev Hallen,36,403629,"Herregårdsvej 42, Himmelev, 4000 Roskilde",,,,
704402,Østdanmark,Trekroner,21,"Trekronerskolen, HALLEN",36,403629,"Trekroner Alle 1C, 4000 Roskilde",,,,
704320,Østdanmark,Gundsølille,11,Gundsølillehallen,36,403629,"Store Valbyvej 248A, Gundsølille, 4000 Roskilde",,,,
711680,Østdanmark,Vor Frue,9,Vor Frue Hallen,36,403629,"Vor Frue Hovedgade 65, Vor Frue, 4000 Roskilde",,,,
707326,Østdanmark,Viby,17,Cosmos,36,403629,"Søndergade 11, 4130 Viby Sjælland",,,,
704396,Østdanmark,Vindinge,8,Vindingehallen,36,403629,"Østre Vindingevej 221C, Vindinge, 4000 Roskilde",,,,
711710,Østdanmark,Tjørnegård,10,Tjørnegårdshallen,36,403629,"Hyrdehøj 5, 4000 Roskilde",,,,
710476,Østdanmark,Hedegårdene,4,"Hedeboparkens Fritidscenter, Multihallen",36,403629,"Københavnsvej 106G, 4000 Roskilde",,,,
707332,Østdanmark,Snoldelev,18,Snoldelev Sognegård,36,403629,"Snoldelev Bygade 21A, 4621 Gadstrup",,,,
704350,Østdanmark,Sankt Jørgen,3,Sct. Jørgens Skole,36,403629,"Helligkorsvej 42C, 4000 Roskilde",,,,
705900,Østdanmark,Svogerslev,7,"Lynghøjskolen, HALLEN",36,403629,"Lynghøjen 107B, Svogerslev, 4000 Roskilde",,,,
710404,Østdanmark,Baunehøj,15,"Nordskolen, afd. Baunehøj",36,403629,"Baunegårdsvej 85, 4040 Jyllinge",,,,
704378,Østdanmark,Østervang,5,"Østervangsskolen, HALLEN",36,403629,"Astersvej 15, 4000 Roskilde",,,,
704358,Østdanmark,Jyllinge,13,Jyllingehallen,36,403629,"Planetvej 35, 4040 Jyllinge",,,,
711278,Østdanmark,Ejbyhallen,5,Ejbyhallen,20,403559,"Mosetoften 35, 2600 Glostrup",,,,
708412,Østdanmark,Søndervanghallen,3,Søndervanghallen,20,403559,"Florasvej 2, 2600 Glostrup",,,,
710158,Østdanmark,Grantoftehallen,4,Grantoftehallen,20,403559,"Platanbuen 1, 2750 Ballerup",,,,
705652,Østdanmark,Idrætshallen (tidl. UCC-hallen) - Rosenlund,5,Idrætshallen (tidl. UCC-hallen) - Rosenlund,20,403559,"Ejbyvej 43, 2740 Skovlunde",,,,
701002,Østdanmark,Tapeten,1,Tapeten,20,403559,"Magleparken 5, 2750 Ballerup",,,,
706992,Østdanmark,Måløv Ny Hal - Måløvhøj Skole - Måløv,8,Måløv Ny Hal - Måløvhøj Skole - Måløv,20,403559,"Måløv Hovedgade 46, 2760 Måløv",,,,
702064,Østdanmark,Nordvanghallen,1,Nordvanghallen,20,403559,"Sofielundsvej 120, 2600 Glostrup",,,,
708406,Østdanmark,Sognegården,2,Sognegården,20,403559,"Østervej 8, 2600 Glostrup",,,,
704024,Østdanmark,Skovlunde Skole - Lundebjerg,6,Skovlunde Skole - Lundebjerg,20,403559,"Lundebjerg 72, 2740 Skovlunde",,,,
700820,Østdanmark,Vestervangskolen,4,Vestervangskolen,20,403559,"Stadionvej 81, 2600 Glostrup",,,,
700826,Østdanmark,Hvissingehallen,6,Hvissingehallen,20,403559,"Egeskoven 25, 2600 Glostrup",,,,
710152,Østdanmark,Egebjerghallen - Skovvejens Skole Øst,9,Egebjerghallen - Skovvejens Skole Øst,20,403559,"Agernhaven 12, 2750 Ballerup",,,,
710164,Østdanmark,Østerhøjhallen - Måløvhøj Skole - Østerhøj,10,Østerhøjhallen - Måløvhøj Skole - Østerhøj,20,403559,"Klakkebjerg 4, 2750 Ballerup",,,,
710146,Østdanmark,Højagerhallen - Skovvejens Skole Vest,3,Højagerhallen - Skovvejens Skole Vest,20,403559,"Skovvej 55, 2750 Ballerup",,,,
706986,Østdanmark,Balleruphallen - Rugvænget,2,Balleruphallen - Rugvænget,20,403559,"Rugvænget 10, 2750 Ballerup",,,,
705502,Østdanmark,Hastrup,5,Hastrupskolen,34,403633,"Langelandsvej 70, 4600 Køge",,,,
700864,Østdanmark,Ejby,7,Ejbyhallen,34,403633,"Skovvang 4, Ejby, 4623 Lille Skensved",,,,
706260,Østdanmark,Sonnerup,4,Gymnastiksalen v/ Firkløverskolen,34,403633,"Skolevang 1, Kirke Sonnerup, 4060 Kirke Såby",,,,
706854,Østdanmark,Vemmedrup,8,Vemmedruphallen,34,403633,"Vindegårdsvej 1, 4632 Bjæverskov",,,,
710890,Østdanmark,Lejre,11,Kulturhuset Domus Felix,34,403633,"Bygaden 20, Lejre, 4320 Lejre",,,,
707762,Østdanmark,Hvalsø,6,Hvalsø Hallerne,34,403633,"Skolevej 3, 4330 Hvalsø",,,,
707756,Østdanmark,Rye,2,Multisalen Bramsnæsvighallen,34,403633,"Elverdamsvej 206, Ejby, 4070 Kirke Hyllinge",,,,
702164,Østdanmark,Gørslev,10,Ellebækskolen,34,403633,"Lundegårdsvej 2, Gørslev, 4100 Ringsted",,,,
703454,Østdanmark,Sæby-Gershøj,3,Multisalen v/Sofiehøj Friskole,34,403633,"Hornsherredvej 446B, Sæby, 4070 Kirke Hyllinge",,,,
708480,Østdanmark,Ølsemagle,4,Kirstinedalsskolen,34,403633,"Skolevej 1, 4600 Køge",,,,
706216,Østdanmark,Gevninge,9,Fælleshuset Nødager,34,403633,"Nødager 30A, Gevninge, 4000 Roskilde",,,,
712008,Østdanmark,Kr.Såby,8,Kirke Såby Forsamlingshus,34,403633,"Fanøvej 1, 4060 Kirke Såby",,,,
711350,Østdanmark,Bjæverskov,9,Skovboskolen,34,403633,"Halvejen 2, 4632 Bjæverskov",,,,
712044,Østdanmark,Glim,5,Øm Børne- og Kulturhus,34,403633,"Klostergårdsvej 4, Øm, 4000 Roskilde",,,,
703440,Østdanmark,Hyllinge-Lyndby,1,Karleby Forsamlingshus,34,403633,"Karlebyvej 177, Store Karleby, 4070 Kirke Hyllinge",,,,
703434,Østdanmark,Osted,12,Osted Skole - Gymnastiksalen,34,403633,"Langetoften 25, Osted, 4320 Lejre",,,,
709930,Østdanmark,Køge By - Vest,2,Køge Gymnasium,34,403633,"Gymnasievej 4, 4600 Køge",,,,
705496,Østdanmark,Herfølge,6,Herfølgehallen,34,403633,"Vordingborgvej 124, 4681 Herfølge",,,,
705508,Østdanmark,Ølby,3,Center for Dansk og Integration,34,403633,"Ølbycenter 53, 4600 Køge",,,,
711336,Østdanmark,Køge By,1,Køgehallerne,34,403633,"Ved Stadion 2B, 4600 Køge",,,,
703912,Østdanmark,Borup,11,Borup Kulturhus,34,403633,"Møllevej 2, 4140 Borup",,,,
709552,Østdanmark,"11. Kreds, Lindevang",5,Lindevangskolen,11,403569,"Ewaldsensvej 5, 2000 Frederiksberg",,,,
703490,Østdanmark,"11. Kreds, Frederiksberghallerne",6,Frederiksberghallerne,11,403569,"Jens Jessens Vej 20, 2000 Frederiksberg",,,,
701726,Østdanmark,"11. Kreds, Rådhuset",7,Frederiksberg Rådhushal,11,403569,"Smallegade 1, 2000 Frederiksberg",,,,
710972,Østdanmark,"11. Kreds, Nyelandsvej",8,Skolen på Nyelandsvej,11,403569,"Nyelandsvej 23, 2000 Frederiksberg",,,,
711630,Østdanmark,Korsør - Storebæltshallen,4,Storebæltshallen,40,403630,"Teilmanns Alle 12, 4220 Korsør",,,,
701108,Østdanmark,Agersø - Agersøhallen,7,Agersøhallen,40,403630,"Gamlevej 6, 4244 Agersø",,,,
704418,Østdanmark,Slagelse - Søndermarkshallen,17,Søndermarkshallen,40,403630,"Byskov Alle 41, 4200 Slagelse",,,,
711606,Østdanmark,Vemmelev - Vemmelevhallen,1,Vemmelevhallen,40,403630,"Skolevej 2, 4241 Vemmelev",,,,
748852,Østdanmark,Stillinge - Stillingehallen,14,Stillingehallen,40,403630,"Bildsøvej 74B, Kirke Stillinge, 4200 Slagelse",,,,
710288,Østdanmark,Vestermose - Hallelev Forsamlingshus,13,Hallelev Forsamlingshus,40,403630,"Hallelevvej 27, Hallelev, 4200 Slagelse",,,,
701098,Østdanmark,Boeslunde - Boeslunde Hallen,5,Boeslunde Hallen,40,403630,"Borgbjergvej 18, 4242 Boeslunde",,,,
748850,Østdanmark,Slagelse - Nordhallen,16,Nordhallen,40,403630,"Nørrevangstorvet 8, 4200 Slagelse",,,,
702758,Østdanmark,Rude - Kirkeskovskolen,9,Kirkeskovskolen,40,403630,"Næstved Landevej 632A, Venslev, 4243 Rude",,,,
704408,Østdanmark,Sørbymagle - Sørbymagle forsamlingshus,12,Sørbymagle forsamlingshus,40,403630,"Sørby Hovedgade 21, Sørbymagle, 4200 Slagelse",,,,
720074,Østdanmark,Skælskør - Skælskør Badmintoncenter,6,Skælskør Badmintoncenter,40,403630,"Sorøvej 88A, 4230 Skælskør",,,,
701164,Østdanmark,Korsør - Broskolen,3,Broskolen,40,403630,"Birkemosevej 11, 4220 Korsør",,,,
748854,Østdanmark,Tårnborg - Taarnborg Forsamlingshus,2,Taarnborg Forsamlingshus,40,403630,"Frølundevej 50, 4220 Korsør",,,,
705710,Østdanmark,Dalmose - Dalmosehallen,10,Dalmosehallen,40,403630,"Stationsvej 53A, 4261 Dalmose",,,,
748851,Østdanmark,Slagelse - Vesthallen,15,Vesthallen,40,403630,"Skjoldsvej 8, 4200 Slagelse",,,,
748853,Østdanmark,Slagelse - Slagelse Hallen,18,Slagelse Hallen,40,403630,"Parkvej 33, 4200 Slagelse",,,,
705790,Østdanmark,Omø - Omø Forsamlingshus,8,Omø Forsamlingshus,40,403630,"Husmandsstræde 16A, 4245 Omø",,,,
748430,Østdanmark,Slots Bjergby - Hashøjskolen,11,Hashøjskolen,40,403630,"Brovej 1, Slots Bjergby, 4200 Slagelse",,,,
707738,Østdanmark,6. Bispebjerg,27,Tagensbo Skole,6,403568,"Hovmestervej 19, 2400 København NV",,,,
725358,Østdanmark,6. Vest,59,Utterslev Skole,6,403568,"Skoleholdervej 20, 2400 København NV",,,,
701606,Østdanmark,6. Nord,28,Holbergskolen,6,403568,"Frederiksborgvej 216, 2400 København NV",,,,
706172,Østdanmark,6. Øst,29,Lundehusskolen,6,403568,"Lersø Parkallé 152, 2100 København Ø",,,,
710808,Østdanmark,6. Syd,30,Grøndalsvængets Skole,6,403568,"Rørsangervej 29, 2400 København NV",,,,
702366,Østdanmark,Skibby,4,Skibby Idrætshal,24,403556,"Hovedgaden 94, 4050 Skibby",,,,
710776,Østdanmark,Ølsted,5,Ølsted Hallen,24,403556,"Hovedgaden 2, 3310 Ølsted",,,,
707654,Østdanmark,Enghaven,3,Frederiksværk Skole,24,403556,"Skolevej 1, 3300 Frederiksværk",,,,
704878,Østdanmark,Hundested,1,Hundested Hallen,24,403556,"Stadionvej 42, 3390 Hundested",,,,
704906,Østdanmark,Melby,2,Melby Hallen,24,403556,"Melbyvej 134, 3370 Melby",,,,
707024,Østdanmark,Slangerup,6,Slangerup Idræts- og Kulturcenter,24,403556,"Idrætsvej 5, 3550 Slangerup",,,,
704056,Østdanmark,Frederikssund Syd,3,"Ådalens Skole, Hal 2",24,403556,"Kornvænget 4, 3600 Frederikssund",,,,
710206,Østdanmark,Frederikssund Midt,1,Frederikssundhallen,24,403556,"Kalvøvej 13, 3600 Frederikssund",,,,
704070,Østdanmark,Jægerspris,5,"Sognehallen, Jægerspris",24,403556,"Møllevej 100A, Over Draaby, 3630 Jægerspris",,,,
701052,Østdanmark,Frederikssund Nord,2,"Trekløverskolen, Græse Bakkeby",24,403556,"Højvang 8, Græse Bakkeby, 3600 Frederikssund",,,,
707698,Østdanmark,Frederiksværk,4,Rådhussalen,24,403556,"Rådhuspladsen 1, 3300 Frederiksværk",,,,
707672,Østdanmark,3. Øst,14,Nyboder Skole,3,403573,"Øster Voldgade 15, 1350 København K",,,,
704846,Østdanmark,3. Syd,13,Hal C,3,403573,"Arsenalvej 6, 1436 København K",,,,
711926,Østdanmark,3. Indre By,11,Rådhushallen,3,403573,"Rådhuspladsen 1, 1550 København V",,,,
709378,Østdanmark,3. Nord,12,Øster Farimagsgades Skole,3,403573,"Øster Farimagsgade 40, 2100 København Ø",,,,
749402,Østdanmark,3. Midt,63,Den Classenske Legatskole,3,403573,"Vester Voldgade 98, 1552 København V",,,,
749404,Østdanmark,3. Sølvgade,64,Sølvgades Skole,3,403573,"Sølvgade 16, 1307 København K",,,,
709726,Østdanmark,Holme-Olstrup,9,Holme-Olstrup Idrætsanlæg (Gymnastiksalen),32,403635,"Stationsvej 49A, Holme-Olstrup, 4684 Holmegaard",,,,
707910,Østdanmark,Fladså Hallen,4,Fladså Hallen,32,403635,"Mogenstrup Parkvej 10, Mogenstrup, 4700 Næstved",,,,
712210,Østdanmark,Grønbro Hallen,3,Grønbro Hallen,32,403635,"Grønbrovej 1, 4262 Sandved",,,,
705200,Østdanmark,Herlufmagle,14,Herlufmagle-Hallen,32,403635,"Ravnstrupvej 1A, 4160 Herlufmagle",,,,
707904,Østdanmark,Everdrup,2,Everdrup Samlingshus,32,403635,"Everdrupvej 20, Everdrup, 4733 Tappernøje",,,,
701858,Østdanmark,Arena Næstved,23,"Arena Næstved (Hal 2, Indgang fra foyer)",32,403635,"Ved Stadion 11, 4700 Næstved",,,,
707930,Østdanmark,Sandby,12,Sandby Forsamlingshus,32,403635,"Sandbyvej 60, Sandby, 4171 Glumsø",,,,
706398,Østdanmark,Hyllinge,31,Vesthallen i Hyllinge,32,403635,"Kohavevej 10A, Hyllinge, 4700 Næstved",,,,
703666,Østdanmark,Glumsø,11,Glumsø Hallen,32,403635,"Åsøvej 7A, 4171 Glumsø",,,,
711122,Østdanmark,Fuglebjerg,1,Fuglebjerg-hallen,32,403635,"Byagervej 2, 4250 Fuglebjerg",,,,
703592,Østdanmark,Lille Næstved Skole - Karrebæk,32,"Lille Næstved Skole, afd. Karrebæk (Hallen)",32,403635,"Kirkebakken 41, Karrebæk, 4736 Karrebæksminde",,,,
703654,Østdanmark,Grønnegades Kaserne,21,Grønnegades Kaserne (Gl. Ridehus),32,403635,"Grønnegade 10, 4700 Næstved",,,,
712222,Østdanmark,Toksværd,10,Toksværd Samlingshus,32,403635,"Dystedvej 6, 4684 Holmegaard",,,,
712204,Østdanmark,Lille Næstved Skole - Herlufsholmvej,26,"Lille Næstved Skole, afd. Herlufsholmvej (Hallen)",32,403635,"Herlufsholmvej 16, 4700 Næstved",,,,
706454,Østdanmark,Næstved Firma Sport,22,Næstved Firma Sport (Hallen),32,403635,"Kasernevej 24, 4700 Næstved",,,,
706418,Østdanmark,Kobberbakkeskolen - Rønnebæk,29,"Kobberbakkeskolen, Rønnebæk Skole (Gymnastiksalen)",32,403635,"Englebjergvej 12, Rønnebæk, 4700 Næstved",,,,
711128,Østdanmark,Hammer - Vester Egesborg,7,Hammer Forsamlingshus,32,403635,"Byvej 4, Hammer, 4700 Næstved",,,,
707924,Østdanmark,Tappernøje,6,Korskildehallen,32,403635,"Brøderupvej 2A, Brøderup, 4733 Tappernøje",,,,
707918,Østdanmark,Fensmark,8,Holmegaard Hallen,32,403635,"Glasværksvej 1, Fensmark, 4684 Holmegaard",,,,
749297,Østdanmark,Skelby,13,Skelby Forsamlingshus,32,403635,"Trælløsevej 72, Skelby, 4160 Herlufmagle",,,,
701870,Østdanmark,Lille Næstved Skole - Digtervej,20,"Lille Næstved Skole, afd. Digtervej (Hallen)",32,403635,"Karrebækvej 70, 4700 Næstved",,,,
703660,Østdanmark,Tybjerg,5,Tybjerg Forsamlingshus,32,403635,"Tybjerg Bygade 13, Tybjerg, 4160 Herlufmagle",,,,
711136,Østdanmark,Herlufsholmhallen,27,Herlufsholmhallen,32,403635,"Herlufsholm Alle 233A, 4700 Næstved",,,,
711142,Østdanmark,Kobberbakkeskolen - Sydby,28,"Kobberbakkeskolen, Sydbyskolen (Hallen)",32,403635,"Parkvej 109A, 4700 Næstved",,,,
749337,Østdanmark,Sundhedshuset,7,Sundhedshuset,35,403634,"Hundige Alle 11, 2670 Greve",,,,
703740,Østdanmark,Det Sydlige Strandområde,5,Solrød Idrætscenter,35,403634,"Tingsryds Alle 27, 2680 Solrød Strand",,,,
749338,Østdanmark,Holmeagerskolen,6,Holmeagerskolen,35,403634,"Skoleholmen 15, 2670 Greve",,,,
718892,Østdanmark,Arenaskolen ved Greve Kultur-Base,1,Arenaskolen,35,403634,"Gersager Alle 1, 2670 Greve",,,,
718910,Østdanmark,Tunehallerne,5,Tunehallerne,35,403634,"Tunehøj 7, 4030 Tune",,,,
718898,Østdanmark,Mosedeskolen,3,Mosedeskolen,35,403634,"Lilleholm 58, 2670 Greve",,,,
718916,Østdanmark,Greve Idrætscenter,2,Greve Idrætscenter,35,403634,"Lillevangsvej 88, 2670 Greve",,,,
703748,Østdanmark,Det Nordlige Strandområde,4,Munkekærhallen,35,403634,"Tjørnholmvej 10, 2680 Solrød Strand",,,,
705362,Østdanmark,Havdrup,1,Havdrup Idrætscenter,35,403634,"Skolevej 62, 4622 Havdrup",,,,
718922,Østdanmark,Karlslundehallerne,4,Karlslundehallerne,35,403634,"Kongens Enge 42, 2690 Karlslunde",,,,
703848,Østdanmark,Stevnshallen,3,Stevnshallen,33,403637,"Parkvej 3, 4660 Store Heddinge",,,,
702698,Østdanmark,Nordskov,1,Nordskovskolen (Hallen),33,403637,"Bækvej 14, 4690 Haslev",,,,
710328,Østdanmark,Rønnede,7,Rønnede Hallen,33,403637,"Eskilstrupvej 7, Kongsted, 4683 Rønnede",,,,
704216,Østdanmark,Sofiendal,2,Sofiendalskolen,33,403637,"Sofiendalsvej 42A, 4690 Haslev",,,,
710310,Østdanmark,Karise,5,Karise Hallen,33,403637,"Møllevej 6A, 4653 Karise",,,,
705452,Østdanmark,Sydstevnshallen,4,Sydstevnshallen,33,403637,"Rødvigvej 62, 4673 Rødvig Stevns",,,,
701130,Østdanmark,Faxe,3,Faxe Hallen,33,403637,"Rådhusvej 6A, 4640 Faxe",,,,
706800,Østdanmark,Hårlevhallen,1,Hårlevhallen,33,403637,"Industrivej 39, 4652 Hårlev",,,,
701124,Østdanmark,Hylleholt,4,Hylleholt Hallen,33,403637,"Dannebrogsvej 1, 4654 Faxe Ladeplads",,,,
707142,Østdanmark,Dalby,6,Dalby Hallen,33,403637,"Bavnestræde 28, Dalby, 4690 Haslev",,,,
706794,Østdanmark,Strøby Idrætscenter,2,Strøby Idrætscenter,33,403637,"Lendrumvej 3, 4671 Strøby",,,,
